London,UK,M,GBP,400
London,UK,M,GBP,200
London,UK,M,GBP,100
London,UK,M,GBP,100
London,UK,F,GBP,100
London,UK,M,GBP,180
London,UK,M,GBP,195
London,UK,M,GBP,1890
London,UK,F,GBP,1000
London,UK,F,GBP,500
London,UK,F,GBP,600
London,UK,F,GBP,100
London,UK,F,GBP,100
London,UK,F,GBP,100
Delhi,India,M,INR,10000
Delhi,India,M,INR,100000
Delhi,India,M,INR,15000
Delhi,India,M,INR,20000
Delhi,India,M,INR,10000
Delhi,India,M,INR,10000
Delhi,India,M,INR,10000
Delhi,India,F,INR,30000
Delhi,India,F,INR,25000
Delhi,India,F,INR,35000
Delhi,India,F,INR,40000
Delhi,India,F,INR,45000
Delhi,India,F,INR,10000
Punggol,Singapore,M,SGD,5000
Punggol,Singapore,M,SGD,3000
Punggol,Singapore,M,SGD,2000
Punggol,Singapore,M,SGD,8000
Punggol,Singapore,M,SGD,1000
Punggol,Singapore,M,SGD,2000
Punggol,Singapore,F,SGD,2000
Punggol,Singapore,M,SGD,4000
Punggol,Singapore,F,SGD,7000
Punggol,Singapore,F,SGD,2800
Punggol,Singapore,F,SGD,2900
Punggol,Singapore,F,SGD,2400
Punggol,Singapore,M,SGD,2000
kowloon,HongKong,M,HKD,2500
kowloon,HongKong,M,HKD,3500
kowloon,HongKong,M,HKD,6500
kowloon,HongKong,M,HKD,9000
kowloon,HongKong,M,HKD,1000
kowloon,HongKong,F,HKD,6000
kowloon,HongKong,F,HKD,900
kowloon,HongKong,F,HKD,800
kowloon,HongKong,F,HKD,2500